filename,text_content,notes
Drawing 102,67890020201 Christos Dimitry Karar 816christos@gmail.com 35 Sage Ln 8911 Canyon ct 91307 I wish to receive sweeps coins to participate in the sweepstakes promotions offered by Chumba Casino. By submitting this request I hereby declare that I have read understood and agree to be bound by Chumba Casino Terms and conditions and Sweeps Rules.,Check screenshots/Drawing 102.png for visual reference
Drawing 116,Hello world this is a test,Check screenshots/Drawing 116.png for visual reference
Drawing 117,Machine learning is fascinating,Check screenshots/Drawing 117.png for visual reference
Drawing 103,89721345621o Christos Dimitry Karar 816christos@gmail.com 35 Sage Ln 8911 Canyon ct 91307 I wish to receive sweeps coins to participate in the sweepstakes promotions offered by Chumba Casino. By submitting this request I hereby declare that I have read understood and agree to be bound by Chumba Casino Terms and conditions and Sweeps Rules.,Check screenshots/Drawing 103.png for visual reference
Drawing 115,Deep learning networks,Check screenshots/Drawing 115.png for visual reference
Drawing 101,Natural language processing,Check screenshots/Drawing 101.png for visual reference
Drawing 129,Computer vision algorithms,Check screenshots/Drawing 129.png for visual reference
Drawing 38,Data science and analytics,Check screenshots/Drawing 38.png for visual reference
Untitled design-2,Neural network architectures,Check screenshots/Untitled design-2.png for visual reference
Drawing 39,Transformer models work well,Check screenshots/Drawing 39.png for visual reference
Drawing 128,The quick brown fox jumps over the lazy dog,Check screenshots/Drawing 128.png for visual reference
Drawing 100,Hello world this is a test,Check screenshots/Drawing 100.png for visual reference
Drawing 114,Machine learning is fascinating,Check screenshots/Drawing 114.png for visual reference
Drawing 138,Python programming is fun,Check screenshots/Drawing 138.png for visual reference
Drawing 110,Deep learning networks,Check screenshots/Drawing 110.png for visual reference
Drawing 104,81202903456 Christos Dimitry Karar 816christos@gmail.com 35 Sage Ln 8911 Canyon ct 91307 I wish to receive sweeps coins to participate in the sweepstakes promotions offered by Chumba Casino. By submitting this request I hereby declare that I have read understood and agree to be bound by Chumba Casino Terms and conditions and Sweeps Rules.,Check screenshots/Drawing 104.png for visual reference
Drawing,Computer vision algorithms,Check screenshots/Drawing.png for visual reference
Drawing 28,Data science and analytics,Check screenshots/Drawing 28.png for visual reference
Drawing 111,Neural network architectures,Check screenshots/Drawing 111.png for visual reference
Drawing 139,Transformer models work well,Check screenshots/Drawing 139.png for visual reference
Drawing 107,The quick brown fox jumps over the lazy dog,Check screenshots/Drawing 107.png for visual reference
Drawing 113,Hello world this is a test,Check screenshots/Drawing 113.png for visual reference
Drawing 112,Machine learning is fascinating,Check screenshots/Drawing 112.png for visual reference
Drawing 106,Python programming is fun,Check screenshots/Drawing 106.png for visual reference
Drawing 161,Deep learning networks,Check screenshots/Drawing 161.png for visual reference
Drawing 175,Natural language processing,Check screenshots/Drawing 175.png for visual reference
Drawing 149,Computer vision algorithms,Check screenshots/Drawing 149.png for visual reference
Drawing 70,Data science and analytics,Check screenshots/Drawing 70.png for visual reference
Drawing 64,Neural network architectures,Check screenshots/Drawing 64.png for visual reference
Drawing 65,Transformer models work well,Check screenshots/Drawing 65.png for visual reference
Drawing 71,The quick brown fox jumps over the lazy dog,Check screenshots/Drawing 71.png for visual reference
Drawing 148,Hello world this is a test,Check screenshots/Drawing 148.png for visual reference
Drawing 174,Machine learning is fascinating,Check screenshots/Drawing 174.png for visual reference
Drawing 160,Python programming is fun,Check screenshots/Drawing 160.png for visual reference
Drawing 176,Deep learning networks,Check screenshots/Drawing 176.png for visual reference
Drawing 162,Natural language processing,Check screenshots/Drawing 162.png for visual reference
Drawing 3,Computer vision algorithms,Check screenshots/Drawing 3.png for visual reference
Drawing 98,Data science and analytics,Check screenshots/Drawing 98.png for visual reference
Drawing 67,Neural network architectures,Check screenshots/Drawing 67.png for visual reference
Drawing 73,Transformer models work well,Check screenshots/Drawing 73.png for visual reference
Drawing 72,The quick brown fox jumps over the lazy dog,Check screenshots/Drawing 72.png for visual reference
Drawing 99,Hello world this is a test,Check screenshots/Drawing 99.png for visual reference
Drawing 2,Machine learning is fascinating,Check screenshots/Drawing 2.png for visual reference
Drawing 163,Python programming is fun,Check screenshots/Drawing 163.png for visual reference
Drawing 177,Deep learning networks,Check screenshots/Drawing 177.png for visual reference
Drawing 173,Natural language processing,Check screenshots/Drawing 173.png for visual reference
Drawing 167,Computer vision algorithms,Check screenshots/Drawing 167.png for visual reference
Drawing 6,Data science and analytics,Check screenshots/Drawing 6.png for visual reference
Drawing 89,Neural network architectures,Check screenshots/Drawing 89.png for visual reference
Drawing 62,Transformer models work well,Check screenshots/Drawing 62.png for visual reference
Drawing 76,The quick brown fox jumps over the lazy dog,Check screenshots/Drawing 76.png for visual reference
Drawing 77,Hello world this is a test,Check screenshots/Drawing 77.png for visual reference
Drawing 63,Machine learning is fascinating,Check screenshots/Drawing 63.png for visual reference
Drawing 7,Python programming is fun,Check screenshots/Drawing 7.png for visual reference
Drawing 166,Deep learning networks,Check screenshots/Drawing 166.png for visual reference
Drawing 172,Natural language processing,Check screenshots/Drawing 172.png for visual reference
Drawing 158,Computer vision algorithms,Check screenshots/Drawing 158.png for visual reference
Drawing 164,Data science and analytics,Check screenshots/Drawing 164.png for visual reference
Drawing 170,Neural network architectures,Check screenshots/Drawing 170.png for visual reference
Drawing 5,Transformer models work well,Check screenshots/Drawing 5.png for visual reference
Drawing 49,The quick brown fox jumps over the lazy dog,Check screenshots/Drawing 49.png for visual reference
Drawing 75,Hello world this is a test,Check screenshots/Drawing 75.png for visual reference
Drawing 61,Machine learning is fascinating,Check screenshots/Drawing 61.png for visual reference
Drawing 63-2,Python programming is fun,Check screenshots/Drawing 63-2.png for visual reference
Drawing 60,Deep learning networks,Check screenshots/Drawing 60.png for visual reference
Drawing 74,Natural language processing,Check screenshots/Drawing 74.png for visual reference
Drawing 48,Computer vision algorithms,Check screenshots/Drawing 48.png for visual reference
Drawing 171,Data science and analytics,Check screenshots/Drawing 171.png for visual reference
Drawing 165,Neural network architectures,Check screenshots/Drawing 165.png for visual reference
Drawing 159,Transformer models work well,Check screenshots/Drawing 159.png for visual reference
Drawing 140,The quick brown fox jumps over the lazy dog,Check screenshots/Drawing 140.png for visual reference
Drawing 154,Hello world this is a test,Check screenshots/Drawing 154.png for visual reference
Drawing 168,Machine learning is fascinating,Check screenshots/Drawing 168.png for visual reference
Drawing 183,Python programming is fun,Check screenshots/Drawing 183.png for visual reference
Drawing 92,Deep learning networks,Check screenshots/Drawing 92.png for visual reference
Drawing 86,Natural language processing,Check screenshots/Drawing 86.png for visual reference
Drawing 51,Computer vision algorithms,Check screenshots/Drawing 51.png for visual reference
Drawing 45,Data science and analytics,Check screenshots/Drawing 45.png for visual reference
Drawing 79,Neural network architectures,Check screenshots/Drawing 79.png for visual reference
Drawing 78,Transformer models work well,Check screenshots/Drawing 78.png for visual reference
Drawing 44,The quick brown fox jumps over the lazy dog,Check screenshots/Drawing 44.png for visual reference
Drawing 50,Hello world this is a test,Check screenshots/Drawing 50.png for visual reference
Drawing 87,Machine learning is fascinating,Check screenshots/Drawing 87.png for visual reference
Drawing 93,Python programming is fun,Check screenshots/Drawing 93.png for visual reference
Drawing 8,Deep learning networks,Check screenshots/Drawing 8.png for visual reference
Drawing 182,Natural language processing,Check screenshots/Drawing 182.png for visual reference
Drawing 169,Computer vision algorithms,Check screenshots/Drawing 169.png for visual reference
Drawing 155,Data science and analytics,Check screenshots/Drawing 155.png for visual reference
Drawing 141,Neural network architectures,Check screenshots/Drawing 141.png for visual reference
Untitled design,Transformer models work well,Check screenshots/Untitled design.png for visual reference
Drawing 157,The quick brown fox jumps over the lazy dog,Check screenshots/Drawing 157.png for visual reference
Drawing 143,Hello world this is a test,Check screenshots/Drawing 143.png for visual reference
Drawing 180,Machine learning is fascinating,Check screenshots/Drawing 180.png for visual reference
Drawing 85,Python programming is fun,Check screenshots/Drawing 85.png for visual reference
Drawing 91,Deep learning networks,Check screenshots/Drawing 91.png for visual reference
Drawing 46,Natural language processing,Check screenshots/Drawing 46.png for visual reference
Drawing 53,Computer vision algorithms,Check screenshots/Drawing 53.png for visual reference
Drawing 47,Data science and analytics,Check screenshots/Drawing 47.png for visual reference
Drawing 90,Neural network architectures,Check screenshots/Drawing 90.png for visual reference
Drawing 84,Transformer models work well,Check screenshots/Drawing 84.png for visual reference
Drawing 181,The quick brown fox jumps over the lazy dog,Check screenshots/Drawing 181.png for visual reference
Drawing 142,Hello world this is a test,Check screenshots/Drawing 142.png for visual reference
Drawing 156,Machine learning is fascinating,Check screenshots/Drawing 156.png for visual reference
Drawing 152,Python programming is fun,Check screenshots/Drawing 152.png for visual reference
Drawing 146,Deep learning networks,Check screenshots/Drawing 146.png for visual reference
Drawing 185,Natural language processing,Check screenshots/Drawing 185.png for visual reference
Drawing 94,Computer vision algorithms,Check screenshots/Drawing 94.png for visual reference
Drawing 43,Data science and analytics,Check screenshots/Drawing 43.png for visual reference
Drawing 57,Neural network architectures,Check screenshots/Drawing 57.png for visual reference
QR_code_for_mobile_English_Wikipedia,Transformer models work well,Check screenshots/QR_code_for_mobile_English_Wikipedia.png for visual reference
Drawing 56,The quick brown fox jumps over the lazy dog,Check screenshots/Drawing 56.png for visual reference
Drawing 42,Hello world this is a test,Check screenshots/Drawing 42.png for visual reference
Drawing 95,Machine learning is fascinating,Check screenshots/Drawing 95.png for visual reference
Drawing 184,Python programming is fun,Check screenshots/Drawing 184.png for visual reference
Drawing 147,Deep learning networks,Check screenshots/Drawing 147.png for visual reference
Drawing 153,Natural language processing,Check screenshots/Drawing 153.png for visual reference
Drawing 179,Computer vision algorithms,Check screenshots/Drawing 179.png for visual reference
Drawing 145,Data science and analytics,Check screenshots/Drawing 145.png for visual reference
Drawing 151,Neural network architectures,Check screenshots/Drawing 151.png for visual reference
Drawing 186,Transformer models work well,Check screenshots/Drawing 186.png for visual reference
Drawing 97,The quick brown fox jumps over the lazy dog,Check screenshots/Drawing 97.png for visual reference
Drawing 68,Hello world this is a test,Check screenshots/Drawing 68.png for visual reference
Drawing 54,Machine learning is fascinating,Check screenshots/Drawing 54.png for visual reference
Drawing 40,Python programming is fun,Check screenshots/Drawing 40.png for visual reference
Drawing 41,Deep learning networks,Check screenshots/Drawing 41.png for visual reference
Drawing 55,Natural language processing,Check screenshots/Drawing 55.png for visual reference
Drawing 69,Computer vision algorithms,Check screenshots/Drawing 69.png for visual reference
Drawing 96,Data science and analytics,Check screenshots/Drawing 96.png for visual reference
Drawing 150,Neural network architectures,Check screenshots/Drawing 150.png for visual reference
Drawing 144,Transformer models work well,Check screenshots/Drawing 144.png for visual reference
Drawing 178,The quick brown fox jumps over the lazy dog,Check screenshots/Drawing 178.png for visual reference
Drawing 123,Hello world this is a test,Check screenshots/Drawing 123.png for visual reference
Drawing 137,Machine learning is fascinating,Check screenshots/Drawing 137.png for visual reference
Drawing 146-2,Python programming is fun,Check screenshots/Drawing 146-2.png for visual reference
Drawing 136,Deep learning networks,Check screenshots/Drawing 136.png for visual reference
Drawing 122,Natural language processing,Check screenshots/Drawing 122.png for visual reference
Drawing 134,Computer vision algorithms,Check screenshots/Drawing 134.png for visual reference
Drawing 120,Data science and analytics,Check screenshots/Drawing 120.png for visual reference
Drawing 108,Neural network architectures,Check screenshots/Drawing 108.png for visual reference
Fansly_logo,Transformer models work well,Check screenshots/Fansly_logo.png for visual reference
Drawing 30,The quick brown fox jumps over the lazy dog,Check screenshots/Drawing 30.png for visual reference
Drawing 24,Hello world this is a test,Check screenshots/Drawing 24.png for visual reference
Drawing 109,Machine learning is fascinating,Check screenshots/Drawing 109.png for visual reference
Drawing 121,Python programming is fun,Check screenshots/Drawing 121.png for visual reference
Drawing 135,Deep learning networks,Check screenshots/Drawing 135.png for visual reference
Drawing 119,Natural language processing,Check screenshots/Drawing 119.png for visual reference
Drawing 131,Computer vision algorithms,Check screenshots/Drawing 131.png for visual reference
Drawing 125,Data science and analytics,Check screenshots/Drawing 125.png for visual reference
Drawing 34,Neural network architectures,Check screenshots/Drawing 34.png for visual reference
Drawing 35,Transformer models work well,Check screenshots/Drawing 35.png for visual reference
Drawing 124,The quick brown fox jumps over the lazy dog,Check screenshots/Drawing 124.png for visual reference
Drawing 130,Hello world this is a test,Check screenshots/Drawing 130.png for visual reference
Drawing 118,Machine learning is fascinating,Check screenshots/Drawing 118.png for visual reference
Drawing 126,Python programming is fun,Check screenshots/Drawing 126.png for visual reference
Drawing 132,Deep learning networks,Check screenshots/Drawing 132.png for visual reference
how-do-we-do-,Natural language processing,Check screenshots/how-do-we-do-.png for visual reference
tsizzle_d27916d3,Computer vision algorithms,Check screenshots/tsizzle_d27916d3.png for visual reference
Drawing 36,Data science and analytics,Check screenshots/Drawing 36.png for visual reference
Drawing 133,Neural network architectures,Check screenshots/Drawing 133.png for visual reference
Drawing 127,Transformer models work well,Check screenshots/Drawing 127.png for visual reference
